{"cars": [{"angle": 89.34145682269991, "passengers": [[116.42978, 39.88229]], "detour_dis2": 0.016000000000000014, "path": [[116.38624, 39.90314], [116.38711, 39.90315], [116.3872, 39.90231], [116.38792, 39.90245], [116.38795, 39.90205], [116.38898, 39.90203], [116.39172, 39.9018], [116.39178, 39.90052], [116.39281, 39.90054], [116.39316, 39.90052], [116.39375, 39.9005], [116.39454, 39.90045], [116.39502, 39.90039], [116.39611, 39.90017], [116.39611, 39.90006], [116.39562, 39.89928], [116.39528, 39.89885], [116.395, 39.89844], [116.39444, 39.89764], [116.39431, 39.89723], [116.3944, 39.89688], [116.39446, 39.89655], [116.39449, 39.89628], [116.39457, 39.8957], [116.39458, 39.89553], [116.39459, 39.89534], [116.3946, 39.89506], [116.39463, 39.89472], [116.39465, 39.89437], [116.39468, 39.89397], [116.39469, 39.89372], [116.39471, 39.89348], [116.39473, 39.89309], [116.39476, 39.89258], [116.39476, 39.89251], [116.39479, 39.89205], [116.39482, 39.8919], [116.39489, 39.89157], [116.39492, 39.89147], [116.39515, 39.89064], [116.39518, 39.89055], [116.39521, 39.89045], [116.39525, 39.89033], [116.39447, 39.89015], [116.39453, 39.8899], [116.39469, 39.88918], [116.3947, 39.88902], [116.39462, 39.88794], [116.39453, 39.88732], [116.39451, 39.88722], [116.39518, 39.8871], [116.39516, 39.88701], [116.39519, 39.88632], [116.3952, 39.88607], [116.3965, 39.88512], [116.39701, 39.88428], [116.39712, 39.88363], [116.39715, 39.88287], [116.39719, 39.88217], [116.39722, 39.88156], [116.39724, 39.88091], [116.39739, 39.88032], [116.3974, 39.88013], [116.39747, 39.87917], [116.39751, 39.87869], [116.39753, 39.8783], [116.39763, 39.87671], [116.39768, 39.87561], [116.39769, 39.87534], [116.39773, 39.87453], [116.39794, 39.87408], [116.39825, 39.87377], [116.39861, 39.87243], [116.39864, 39.87173], [116.39874, 39.87174], [116.39877, 39.87134], [116.39874, 39.87174], [116.3987, 39.87236], [116.39869, 39.87254], [116.39867, 39.87275], [116.39845, 39.87373], [116.39788, 39.87672], [116.39833, 39.87967], [116.3984, 39.87975], [116.39879, 39.88099], [116.3991, 39.88107], [116.3991, 39.88113], [116.39909, 39.88129], [116.39907, 39.8818], [116.39905, 39.88249], [116.399, 39.88359], [116.39896, 39.88433], [116.39895, 39.8846], [116.39894, 39.88477], [116.39971, 39.88478], [116.4002, 39.88588], [116.40052, 39.88592], [116.4014, 39.88658], [116.40201, 39.88719], [116.4021, 39.88722], [116.40253, 39.88734], [116.40252, 39.88745], [116.40252, 39.88749], [116.40348, 39.88776], [116.40432, 39.88796], [116.40487, 39.88804], [116.40593, 39.88816], [116.40591, 39.88824], [116.40604, 39.88825], [116.4076, 39.88832], [116.40773, 39.88833], [116.40771, 39.88861], [116.40769, 39.88905], [116.4079, 39.88905], [116.40825, 39.88904], [116.40862, 39.88905], [116.40859, 39.88965], [116.40855, 39.88996], [116.40853, 39.89027]], "dis": 4.559, "location": [116.38624, 39.90314], "detour_dis1": 4.712000000000001}, {"angle": -18.032787934078527, "passengers": [[116.40853, 39.89027]], "detour_dis2": 1.3019999999999996, "path": [[116.41068, 39.83075], [116.38711, 39.90315], [116.39874, 39.87174], [116.3987, 39.87236], [116.39869, 39.87254], [116.39867, 39.87275], [116.39845, 39.87373], [116.39788, 39.87672], [116.39833, 39.87967], [116.3984, 39.87975], [116.39879, 39.88099], [116.3991, 39.88107], [116.3991, 39.88113], [116.39909, 39.88129], [116.39907, 39.8818], [116.39905, 39.88249], [116.399, 39.88359], [116.39896, 39.88433], [116.39895, 39.8846], [116.39894, 39.88477], [116.39971, 39.88478], [116.4002, 39.88588], [116.40052, 39.88592], [116.4014, 39.88658], [116.40201, 39.88719], [116.4021, 39.88722], [116.40253, 39.88734], [116.40252, 39.88745], [116.40252, 39.88749], [116.40348, 39.88776], [116.40432, 39.88796], [116.40487, 39.88804], [116.40593, 39.88816], [116.40591, 39.88824], [116.40604, 39.88825], [116.4076, 39.88832], [116.40773, 39.88833], [116.40771, 39.88861], [116.40769, 39.88905], [116.4079, 39.88905], [116.40825, 39.88904], [116.40862, 39.88905], [116.40859, 39.88965], [116.40855, 39.88996], [116.40853, 39.89027]], "dis": 5.351, "location": [116.41068, 39.83075], "detour_dis1": 4.202999999999999}, {"angle": -20.85912965282192, "passengers": [], "detour_dis2": 0.0, "path": [[116.39877, 39.87255], [116.38711, 39.90315], [116.3872, 39.90231], [116.38792, 39.90245], [116.38795, 39.90205], [116.38898, 39.90203], [116.39172, 39.9018], [116.39178, 39.90052], [116.39281, 39.90054], [116.39316, 39.90052], [116.39375, 39.9005], [116.39454, 39.90045], [116.39502, 39.90039], [116.39611, 39.90017], [116.39611, 39.90006], [116.39562, 39.89928], [116.39528, 39.89885], [116.395, 39.89844], [116.39444, 39.89764], [116.39431, 39.89723], [116.3944, 39.89688], [116.39446, 39.89655], [116.39449, 39.89628], [116.39457, 39.8957], [116.39458, 39.89553], [116.39459, 39.89534], [116.3946, 39.89506], [116.39463, 39.89472], [116.39465, 39.89437], [116.39468, 39.89397], [116.39469, 39.89372], [116.39471, 39.89348], [116.39473, 39.89309], [116.39476, 39.89258], [116.39476, 39.89251], [116.39479, 39.89205], [116.39482, 39.8919], [116.39489, 39.89157], [116.39492, 39.89147], [116.39515, 39.89064], [116.39518, 39.89055], [116.39521, 39.89045], [116.39525, 39.89033], [116.39447, 39.89015], [116.39453, 39.8899], [116.39469, 39.88918], [116.3947, 39.88902], [116.39462, 39.88794], [116.39453, 39.88732], [116.39451, 39.88722], [116.39518, 39.8871], [116.39516, 39.88701], [116.39519, 39.88632], [116.3952, 39.88607], [116.3965, 39.88512], [116.39701, 39.88428], [116.39712, 39.88363], [116.39715, 39.88287], [116.39719, 39.88217], [116.39722, 39.88156], [116.39724, 39.88091], [116.39739, 39.88032], [116.3974, 39.88013], [116.39747, 39.87917], [116.39751, 39.87869], [116.39753, 39.8783], [116.39763, 39.87671], [116.39768, 39.87561], [116.39769, 39.87534], [116.39773, 39.87453], [116.39794, 39.87408], [116.39825, 39.87377], [116.39861, 39.87243], [116.39864, 39.87173], [116.39874, 39.87174]], "dis": 0.141, "location": [116.39877, 39.87255], "detour_dis1": 5.76}, {"angle": -76.67700555962745, "passengers": [[116.46431, 39.88427]], "detour_dis2": 1.463, "path": [[116.40569, 39.89875], [116.38711, 39.90315], [116.3872, 39.90231], [116.38792, 39.90245], [116.38795, 39.90205], [116.38898, 39.90203], [116.39172, 39.9018], [116.39178, 39.90052], [116.39281, 39.90054], [116.39316, 39.90052], [116.39375, 39.9005], [116.39454, 39.90045], [116.39502, 39.90039], [116.39611, 39.90017], [116.39611, 39.90006], [116.39562, 39.89928], [116.39528, 39.89885], [116.395, 39.89844], [116.39444, 39.89764], [116.39431, 39.89723], [116.3944, 39.89688], [116.39446, 39.89655], [116.39449, 39.89628], [116.39457, 39.8957], [116.39458, 39.89553], [116.39459, 39.89534], [116.3946, 39.89506], [116.39463, 39.89472], [116.39465, 39.89437], [116.39468, 39.89397], [116.39469, 39.89372], [116.39471, 39.89348], [116.39473, 39.89309], [116.39476, 39.89258], [116.39476, 39.89251], [116.39479, 39.89205], [116.39482, 39.8919], [116.39489, 39.89157], [116.39492, 39.89147], [116.39515, 39.89064], [116.39518, 39.89055], [116.39521, 39.89045], [116.39525, 39.89033], [116.39447, 39.89015], [116.39453, 39.8899], [116.39469, 39.88918], [116.3947, 39.88902], [116.39462, 39.88794], [116.39453, 39.88732], [116.39451, 39.88722], [116.39518, 39.8871], [116.39516, 39.88701], [116.39519, 39.88632], [116.3952, 39.88607], [116.3965, 39.88512], [116.39701, 39.88428], [116.39712, 39.88363], [116.39715, 39.88287], [116.39719, 39.88217], [116.39722, 39.88156], [116.39724, 39.88091], [116.39739, 39.88032], [116.3974, 39.88013], [116.39747, 39.87917], [116.39751, 39.87869], [116.39753, 39.8783], [116.39763, 39.87671], [116.39768, 39.87561], [116.39769, 39.87534], [116.39773, 39.87453], [116.39794, 39.87408], [116.39825, 39.87377], [116.39861, 39.87243], [116.39864, 39.87173], [116.39874, 39.87174], [116.38792, 39.90245]], "dis": 3.513, "location": [116.40569, 39.89875], "detour_dis1": 4.375999999999999}, {"angle": -21.636739060328978, "passengers": [], "detour_dis2": 0.0,